<?xml version="1.0"?>
<doc>
    <assembly>
        <name>Spriggit.CLI</name>
    </assembly>
    <members>
        <member name="T:AssemblyVersions">
            <summary>
            Struct holding the information about an Assembly's version
            </summary>
            <param name="PrettyName">Name of the assembly</param>
            <param name="ProductVersion">Version string for the assembly</param>
        </member>
        <member name="M:AssemblyVersions.#ctor(System.String,System.String)">
            <summary>
            Struct holding the information about an Assembly's version
            </summary>
            <param name="PrettyName">Name of the assembly</param>
            <param name="ProductVersion">Version string for the assembly</param>
        </member>
        <member name="P:AssemblyVersions.PrettyName">
            <summary>Name of the assembly</summary>
        </member>
        <member name="P:AssemblyVersions.ProductVersion">
            <summary>Version string for the assembly</summary>
        </member>
        <member name="M:AssemblyVersions.For``1">
            <summary>
            Gets the assembly version information for a given type
            </summary>
            <typeparam name="TTypeFromAssembly">Type to get information about</typeparam>
            <returns>Structure containing the assembly version information</returns>
        </member>
    </members>
</doc>
